{
  "Petición HTTP" : {
    "transaction" : "Petición HTTP",
    "sampleCount" : 4150,
    "errorCount" : 0,
    "errorPct" : 0.0,
    "meanResTime" : 18.73373493975906,
    "medianResTime" : 11.0,
    "minResTime" : 2.0,
    "maxResTime" : 161.0,
    "pct1ResTime" : 46.0,
    "pct2ResTime" : 61.0,
    "pct3ResTime" : 92.0,
    "throughput" : 77.02730293074967,
    "receivedKBytesPerSec" : 14.216953372960631,
    "sentKBytesPerSec" : 14.743507201588804
  },
  "Total" : {
    "transaction" : "Total",
    "sampleCount" : 4150,
    "errorCount" : 0,
    "errorPct" : 0.0,
    "meanResTime" : 18.73373493975906,
    "medianResTime" : 11.0,
    "minResTime" : 2.0,
    "maxResTime" : 161.0,
    "pct1ResTime" : 46.0,
    "pct2ResTime" : 61.0,
    "pct3ResTime" : 92.0,
    "throughput" : 77.02730293074967,
    "receivedKBytesPerSec" : 14.216953372960631,
    "sentKBytesPerSec" : 14.743507201588804
  }
}