{
  "Petición HTTP" : {
    "transaction" : "Petición HTTP",
    "sampleCount" : 32274,
    "errorCount" : 17049,
    "errorPct" : 52.825806,
    "meanResTime" : 193.77031046662896,
    "medianResTime" : 219.0,
    "minResTime" : 4.0,
    "maxResTime" : 1876.0,
    "pct1ResTime" : 726.0,
    "pct2ResTime" : 857.0,
    "pct3ResTime" : 1059.0,
    "throughput" : 430.2798405482155,
    "receivedKBytesPerSec" : 578.4087495583746,
    "sentKBytesPerSec" : 38.85184257802605
  },
  "Total" : {
    "transaction" : "Total",
    "sampleCount" : 32274,
    "errorCount" : 17049,
    "errorPct" : 52.825806,
    "meanResTime" : 193.77031046662896,
    "medianResTime" : 219.0,
    "minResTime" : 4.0,
    "maxResTime" : 1876.0,
    "pct1ResTime" : 726.0,
    "pct2ResTime" : 857.0,
    "pct3ResTime" : 1059.0,
    "throughput" : 430.2798405482155,
    "receivedKBytesPerSec" : 578.4087495583746,
    "sentKBytesPerSec" : 38.85184257802605
  }
}